Accident_ID,Date,Time,City,State,Accident_Severity,Weather_Condition,Road_Condition,Vehicle_Type,Vehicles_Involved,Injuries,Fatalities,Accident_Cause
TA1001,2023-01-26,09:23,Mumbai,Maharashtra,Minor,Cloudy,Dry,Van,1,6,0,Speeding
TA1002,2023-04-06,07:27,Hyderabad,Telangana,Minor,Overcast,Dry,Truck,2,8,0,Overtaking
TA1003,2024-04-04,20:06,Ahmedabad,Gujarat,Minor,Clear,Wet,Van,4,5,0,Poor Road Condition
TA1004,2023-08-09,11:29,Delhi,Delhi,Minor,Fog,Dry,Auto Rickshaw,3,4,0,Drunk Driving
TA1005,2024-04-15,18:18,Bengaluru,Karnataka,Minor,Fog,Dry,Truck,3,5,0,Signal Violation
TA1006,2024-12-22,02:22,Kolkata,West Bengal,Minor,Cloudy,Poor,Car,2,1,0,Overtaking
TA1007,2024-04-09,21:41,Jaipur,Rajasthan,Severe,Cloudy,Poor,Auto Rickshaw,2,4,0,Weather
TA1008,2024-09-15,21:40,Chennai,Tamil Nadu,Minor,Cloudy,Wet,Bus,4,4,0,Weather
TA1009,2023-08-13,23:22,Patna,Bihar,Minor,Clear,Wet,SUV,1,5,0,Overtaking
TA1010,2023-03-09,07:12,Jaipur,Rajasthan,Severe,Overcast,Poor,Motorcycle,4,6,0,Weather
TA1011,2023-05-27,09:02,Visakhapatnam,Andhra Pradesh,Minor,Overcast,Under Construction,Auto Rickshaw,4,6,0,Poor Road Condition
TA1012,2023-05-22,17:23,Ahmedabad,Gujarat,Moderate,Clear,Dry,Motorcycle,2,6,0,Signal Violation
TA1013,2024-01-30,13:01,Chennai,Tamil Nadu,Moderate,Fog,Under Construction,Auto Rickshaw,1,1,0,Weather
TA1014,2023-10-01,21:52,Patna,Bihar,Minor,Rain,Potholes,Motorcycle,4,0,0,Weather
TA1015,2024-05-27,06:05,Jaipur,Rajasthan,Moderate,Clear,Poor,SUV,2,2,0,Poor Road Condition
TA1016,2024-07-06,18:06,Pune,Maharashtra,Severe,Overcast,Poor,Bus,1,1,0,Poor Road Condition
TA1017,2023-09-03,01:58,Lucknow,Uttar Pradesh,Minor,Overcast,Dry,Car,4,1,0,Drunk Driving
TA1018,2023-05-09,04:22,Patna,Bihar,Moderate,Overcast,Wet,Auto Rickshaw,4,3,0,Signal Violation
TA1019,2023-11-16,13:37,Kolkata,West Bengal,Fatal,Rain,Potholes,Truck,4,1,0,Distracted Driving
TA1020,2023-12-13,00:43,Chennai,Tamil Nadu,Moderate,Cloudy,Under Construction,Motorcycle,1,1,0,Weather
TA1021,2023-08-23,02:18,Bengaluru,Karnataka,Severe,Rain,Dry,Truck,2,4,0,Weather
TA1022,2023-08-08,18:24,Coimbatore,Tamil Nadu,Minor,Overcast,Under Construction,Bus,2,7,0,Drunk Driving
TA1023,2023-07-14,03:13,Bhopal,Madhya Pradesh,Minor,Fog,Poor,Bus,4,7,0,Drunk Driving
TA1024,2024-11-20,22:18,Bengaluru,Karnataka,Fatal,Clear,Dry,Bus,3,1,0,Distracted Driving
TA1025,2024-07-03,15:18,Kolkata,West Bengal,Minor,Cloudy,Poor,Bus,2,1,0,Overtaking
TA1026,2023-04-11,01:43,Patna,Bihar,Moderate,Overcast,Dry,Car,2,2,0,Overtaking
TA1027,2024-05-07,07:17,Coimbatore,Tamil Nadu,Severe,Clear,Wet,Bus,1,6,0,Poor Road Condition
TA1028,2023-10-20,14:26,Visakhapatnam,Andhra Pradesh,Moderate,Overcast,Potholes,Motorcycle,2,4,0,Distracted Driving
TA1029,2024-08-16,18:30,Bengaluru,Karnataka,Minor,Rain,Dry,Car,4,8,0,Drunk Driving
TA1030,2023-06-11,01:56,Kochi,Kerala,Fatal,Clear,Wet,Car,1,3,1,Speeding
TA1031,2023-09-10,19:45,Bhubaneswar,Odisha,Moderate,Overcast,Dry,Bus,3,4,0,Distracted Driving
TA1032,2023-09-02,09:03,Surat,Gujarat,Minor,Rain,Potholes,Auto Rickshaw,1,0,0,Overtaking
TA1033,2024-07-30,03:24,Chandigarh,Chandigarh,Minor,Cloudy,Under Construction,Auto Rickshaw,2,5,0,Speeding
TA1034,2024-01-14,09:43,Ahmedabad,Gujarat,Minor,Overcast,Poor,Truck,1,8,0,Poor Road Condition
TA1035,2023-05-18,09:01,Mumbai,Maharashtra,Minor,Clear,Under Construction,Motorcycle,3,4,0,Signal Violation
TA1036,2023-12-18,06:56,Kolkata,West Bengal,Moderate,Rain,Under Construction,Bus,3,0,0,Speeding
TA1037,2023-10-11,01:30,Bhopal,Madhya Pradesh,Minor,Cloudy,Poor,Motorcycle,4,8,0,Weather
TA1038,2024-07-28,00:19,Bhopal,Madhya Pradesh,Minor,Cloudy,Under Construction,Car,3,8,0,Distracted Driving
TA1039,2023-05-11,01:25,Bhopal,Madhya Pradesh,Minor,Clear,Poor,Motorcycle,2,1,0,Poor Road Condition
TA1040,2024-02-21,21:11,Patna,Bihar,Moderate,Cloudy,Wet,SUV,2,6,0,Speeding
TA1041,2023-12-07,14:03,Pune,Maharashtra,Severe,Cloudy,Poor,Motorcycle,1,6,0,Drunk Driving
TA1042,2024-04-26,07:35,Bengaluru,Karnataka,Minor,Fog,Poor,Auto Rickshaw,2,3,0,Speeding
TA1043,2024-02-13,11:12,Kolkata,West Bengal,Minor,Clear,Poor,Auto Rickshaw,4,8,0,Poor Road Condition
TA1044,2023-04-29,08:54,Hyderabad,Telangana,Minor,Rain,Dry,Car,4,5,0,Weather
TA1045,2024-03-22,20:41,Surat,Gujarat,Fatal,Clear,Potholes,Truck,2,4,0,Weather
TA1046,2023-01-02,17:44,Bhopal,Madhya Pradesh,Severe,Overcast,Wet,Auto Rickshaw,4,1,0,Weather
TA1047,2024-09-30,10:42,Surat,Gujarat,Moderate,Clear,Poor,Truck,3,6,0,Poor Road Condition
TA1048,2024-12-14,10:05,Indore,Madhya Pradesh,Moderate,Cloudy,Potholes,Van,4,2,0,Signal Violation
TA1049,2023-11-05,13:51,Bhubaneswar,Odisha,Moderate,Clear,Poor,Auto Rickshaw,2,6,0,Drunk Driving
TA1050,2024-09-13,22:20,Bhubaneswar,Odisha,Minor,Fog,Potholes,Van,2,8,0,Overtaking
TA1051,2024-11-05,02:53,Pune,Maharashtra,Minor,Overcast,Poor,Car,2,4,0,Distracted Driving
TA1052,2023-05-31,00:50,Kolkata,West Bengal,Minor,Fog,Under Construction,SUV,1,7,0,Overtaking
TA1053,2023-07-19,23:46,Bhubaneswar,Odisha,Minor,Fog,Wet,Motorcycle,1,1,0,Drunk Driving
TA1054,2023-08-13,06:00,Bhopal,Madhya Pradesh,Severe,Overcast,Potholes,Car,2,1,0,Overtaking
TA1055,2024-04-20,22:47,Delhi,Delhi,Moderate,Overcast,Under Construction,Auto Rickshaw,4,8,0,Overtaking
TA1056,2024-04-01,05:25,Patna,Bihar,Moderate,Fog,Potholes,Auto Rickshaw,2,4,0,Drunk Driving
TA1057,2024-05-11,21:23,Kochi,Kerala,Minor,Fog,Dry,Van,3,3,0,Poor Road Condition
TA1058,2023-11-24,18:26,Surat,Gujarat,Minor,Cloudy,Wet,Bus,2,3,0,Speeding
TA1059,2024-02-22,11:17,Bhopal,Madhya Pradesh,Moderate,Fog,Dry,Motorcycle,4,6,0,Drunk Driving
TA1060,2024-12-13,00:40,Bhubaneswar,Odisha,Severe,Overcast,Potholes,Bus,1,5,0,Poor Road Condition
TA1061,2024-03-05,18:22,Indore,Madhya Pradesh,Moderate,Overcast,Under Construction,Motorcycle,4,3,0,Poor Road Condition
TA1062,2024-05-12,00:59,Bhopal,Madhya Pradesh,Minor,Fog,Wet,SUV,4,2,0,Signal Violation
TA1063,2023-01-28,13:26,Patna,Bihar,Moderate,Clear,Dry,Van,4,2,0,Drunk Driving
TA1064,2023-07-06,01:42,Visakhapatnam,Andhra Pradesh,Minor,Rain,Wet,Bus,3,5,0,Drunk Driving
TA1065,2023-10-12,14:23,Indore,Madhya Pradesh,Minor,Clear,Potholes,Car,1,5,0,Distracted Driving
TA1066,2024-10-29,01:22,Chennai,Tamil Nadu,Moderate,Cloudy,Wet,SUV,1,2,0,Distracted Driving
TA1067,2024-04-29,22:51,Delhi,Delhi,Minor,Cloudy,Potholes,Van,3,5,0,Distracted Driving
TA1068,2024-09-13,03:54,Chandigarh,Chandigarh,Moderate,Cloudy,Poor,Car,1,4,0,Signal Violation
TA1069,2024-02-11,06:46,Indore,Madhya Pradesh,Minor,Cloudy,Dry,Van,3,1,0,Drunk Driving
TA1070,2023-02-12,11:51,Bhubaneswar,Odisha,Moderate,Rain,Dry,Truck,3,0,0,Drunk Driving
TA1071,2024-05-16,03:36,Bhopal,Madhya Pradesh,Minor,Rain,Potholes,Van,2,6,0,Distracted Driving
TA1072,2024-10-28,09:13,Kochi,Kerala,Moderate,Overcast,Potholes,Bus,4,4,0,Poor Road Condition
TA1073,2023-03-30,09:31,Ahmedabad,Gujarat,Severe,Cloudy,Potholes,Truck,4,5,0,Speeding
TA1074,2023-11-29,06:12,Coimbatore,Tamil Nadu,Moderate,Rain,Poor,Auto Rickshaw,3,4,0,Signal Violation
TA1075,2024-06-13,06:31,Hyderabad,Telangana,Minor,Fog,Potholes,Truck,2,7,0,Weather
TA1076,2024-04-03,00:35,Coimbatore,Tamil Nadu,Minor,Cloudy,Potholes,Van,2,4,0,Weather
TA1077,2024-01-13,16:09,Bhubaneswar,Odisha,Moderate,Rain,Potholes,Van,3,5,0,Weather
TA1078,2023-10-05,10:27,Visakhapatnam,Andhra Pradesh,Minor,Clear,Wet,Auto Rickshaw,1,8,0,Drunk Driving
TA1079,2023-07-16,07:23,Pune,Maharashtra,Moderate,Rain,Under Construction,SUV,3,1,0,Drunk Driving
TA1080,2023-10-31,07:45,Kolkata,West Bengal,Minor,Rain,Dry,Van,2,4,0,Speeding
TA1081,2024-07-20,09:58,Bengaluru,Karnataka,Moderate,Cloudy,Potholes,Car,1,4,0,Overtaking
TA1082,2024-03-27,11:37,Coimbatore,Tamil Nadu,Minor,Clear,Poor,SUV,4,1,0,Drunk Driving
TA1083,2024-02-15,16:47,Chennai,Tamil Nadu,Minor,Clear,Wet,Motorcycle,3,1,0,Distracted Driving
TA1084,2024-07-25,14:12,Mumbai,Maharashtra,Moderate,Overcast,Wet,SUV,4,7,0,Overtaking
TA1085,2024-08-25,14:38,Lucknow,Uttar Pradesh,Minor,Overcast,Dry,Truck,1,3,0,Weather
TA1086,2023-09-28,22:32,Kolkata,West Bengal,Minor,Cloudy,Wet,Truck,1,2,0,Speeding
TA1087,2024-04-06,23:31,Bhopal,Madhya Pradesh,Moderate,Rain,Dry,Motorcycle,3,4,0,Weather
TA1088,2023-03-14,23:27,Visakhapatnam,Andhra Pradesh,Minor,Rain,Under Construction,Van,2,6,0,Speeding
TA1089,2023-08-19,22:06,Patna,Bihar,Minor,Rain,Wet,Car,1,2,0,Drunk Driving
TA1090,2024-09-01,19:25,Lucknow,Uttar Pradesh,Severe,Fog,Dry,Bus,3,6,0,Poor Road Condition
TA1091,2024-07-06,16:51,Kochi,Kerala,Minor,Overcast,Dry,Bus,3,4,0,Speeding
TA1092,2023-08-23,23:00,Chennai,Tamil Nadu,Severe,Overcast,Under Construction,Car,3,0,0,Drunk Driving
TA1093,2024-04-26,17:42,Pune,Maharashtra,Moderate,Rain,Wet,Truck,4,7,0,Speeding
TA1094,2023-12-23,13:56,Coimbatore,Tamil Nadu,Minor,Clear,Wet,Auto Rickshaw,4,7,0,Poor Road Condition
TA1095,2024-07-17,01:15,Indore,Madhya Pradesh,Moderate,Rain,Poor,Auto Rickshaw,1,6,0,Drunk Driving
TA1096,2023-01-02,22:26,Kochi,Kerala,Severe,Fog,Potholes,Car,2,8,0,Poor Road Condition
TA1097,2024-05-25,21:20,Chandigarh,Chandigarh,Minor,Clear,Wet,Auto Rickshaw,2,4,0,Overtaking
TA1098,2023-05-05,00:59,Coimbatore,Tamil Nadu,Fatal,Overcast,Wet,Van,2,4,2,Speeding
TA1099,2024-02-22,03:10,Patna,Bihar,Minor,Clear,Potholes,Car,2,7,0,Weather
TA1100,2024-06-05,09:19,Lucknow,Uttar Pradesh,Minor,Fog,Potholes,Motorcycle,4,8,0,Distracted Driving
TA1101,2023-07-15,20:27,Indore,Madhya Pradesh,Moderate,Cloudy,Dry,Auto Rickshaw,4,5,0,Drunk Driving
TA1102,2023-10-01,00:05,Kochi,Kerala,Minor,Rain,Under Construction,Truck,4,2,0,Overtaking
TA1103,2024-05-10,11:46,Patna,Bihar,Minor,Overcast,Potholes,Bus,3,3,0,Weather
TA1104,2024-08-08,13:04,Ahmedabad,Gujarat,Minor,Fog,Dry,Auto Rickshaw,4,6,0,Overtaking
TA1105,2024-05-22,01:15,Delhi,Delhi,Minor,Overcast,Poor,SUV,1,7,0,Speeding
TA1106,2024-04-12,00:31,Kochi,Kerala,Moderate,Fog,Wet,Car,4,4,0,Poor Road Condition
TA1107,2024-12-10,13:34,Chandigarh,Chandigarh,Moderate,Rain,Under Construction,Bus,3,7,0,Drunk Driving
TA1108,2023-02-06,21:04,Patna,Bihar,Minor,Rain,Wet,Van,1,6,0,Speeding
TA1109,2024-03-30,05:40,Mumbai,Maharashtra,Moderate,Clear,Dry,Auto Rickshaw,1,4,0,Poor Road Condition
TA1110,2024-03-17,04:58,Nagpur,Maharashtra,Minor,Fog,Under Construction,Van,2,2,0,Distracted Driving
TA1111,2024-09-16,13:03,Chennai,Tamil Nadu,Moderate,Cloudy,Potholes,Truck,2,3,0,Overtaking
TA1112,2024-04-15,08:42,Jaipur,Rajasthan,Moderate,Fog,Poor,Van,2,1,0,Overtaking
TA1113,2024-08-24,10:12,Nagpur,Maharashtra,Moderate,Fog,Poor,Bus,3,3,0,Overtaking
TA1114,2023-04-20,08:05,Coimbatore,Tamil Nadu,Minor,Rain,Under Construction,Auto Rickshaw,3,0,0,Drunk Driving
TA1115,2023-10-09,00:16,Indore,Madhya Pradesh,Moderate,Clear,Under Construction,Van,4,4,0,Drunk Driving
TA1116,2024-09-13,12:01,Ahmedabad,Gujarat,Minor,Cloudy,Under Construction,Auto Rickshaw,2,1,0,Weather
TA1117,2023-11-13,15:02,Bengaluru,Karnataka,Minor,Rain,Wet,Car,3,5,0,Weather
TA1118,2023-06-29,06:51,Bhopal,Madhya Pradesh,Minor,Overcast,Poor,Truck,3,2,0,Poor Road Condition
TA1119,2023-10-30,11:33,Coimbatore,Tamil Nadu,Severe,Fog,Dry,Motorcycle,2,6,0,Drunk Driving
TA1120,2024-01-10,03:04,Patna,Bihar,Moderate,Clear,Poor,Truck,1,7,0,Poor Road Condition
TA1121,2024-08-21,13:00,Jaipur,Rajasthan,Severe,Rain,Dry,Van,2,7,0,Speeding
TA1122,2024-07-28,11:11,Chandigarh,Chandigarh,Severe,Cloudy,Dry,Van,4,4,0,Weather
TA1123,2023-04-30,04:46,Bhopal,Madhya Pradesh,Minor,Clear,Poor,Bus,1,1,0,Distracted Driving
TA1124,2023-05-19,13:15,Patna,Bihar,Moderate,Overcast,Potholes,Truck,2,6,0,Weather
TA1125,2024-05-16,21:00,Mumbai,Maharashtra,Minor,Rain,Dry,Van,3,3,0,Overtaking
TA1126,2023-08-30,12:22,Visakhapatnam,Andhra Pradesh,Minor,Rain,Under Construction,Van,3,0,0,Overtaking
TA1127,2023-07-14,04:10,Jaipur,Rajasthan,Severe,Fog,Dry,Van,2,0,0,Speeding
TA1128,2023-09-07,04:17,Surat,Gujarat,Moderate,Cloudy,Dry,SUV,2,3,0,Drunk Driving
TA1129,2023-12-03,05:02,Ahmedabad,Gujarat,Moderate,Overcast,Dry,Auto Rickshaw,2,2,0,Signal Violation
TA1130,2023-06-28,03:45,Jaipur,Rajasthan,Moderate,Clear,Wet,Car,3,3,0,Signal Violation
TA1131,2023-01-17,05:56,Surat,Gujarat,Minor,Cloudy,Potholes,Truck,1,1,0,Overtaking
TA1132,2024-01-06,17:31,Visakhapatnam,Andhra Pradesh,Moderate,Fog,Under Construction,Motorcycle,1,8,0,Poor Road Condition
TA1133,2024-10-20,01:03,Visakhapatnam,Andhra Pradesh,Minor,Fog,Potholes,Bus,1,7,0,Weather
TA1134,2023-03-17,02:45,Visakhapatnam,Andhra Pradesh,Minor,Cloudy,Dry,Motorcycle,3,8,0,Weather
TA1135,2024-01-26,20:23,Surat,Gujarat,Moderate,Fog,Under Construction,Truck,4,1,0,Drunk Driving
TA1136,2024-11-01,22:13,Mumbai,Maharashtra,Severe,Overcast,Wet,Bus,4,3,0,Overtaking
TA1137,2024-04-09,13:36,Surat,Gujarat,Minor,Clear,Poor,Bus,3,4,0,Poor Road Condition
TA1138,2024-12-04,16:11,Delhi,Delhi,Minor,Clear,Dry,Bus,1,5,0,Drunk Driving
TA1139,2024-07-23,02:02,Delhi,Delhi,Moderate,Overcast,Under Construction,Auto Rickshaw,1,6,0,Poor Road Condition
TA1140,2023-02-22,09:49,Bhopal,Madhya Pradesh,Moderate,Rain,Dry,Truck,2,2,0,Weather
TA1141,2023-08-18,03:41,Coimbatore,Tamil Nadu,Minor,Overcast,Poor,Car,3,3,0,Drunk Driving
TA1142,2024-07-28,21:13,Bhopal,Madhya Pradesh,Moderate,Overcast,Dry,Truck,3,0,0,Distracted Driving
TA1143,2024-12-20,10:32,Jaipur,Rajasthan,Severe,Rain,Dry,Motorcycle,2,6,0,Speeding
TA1144,2024-10-10,01:02,Delhi,Delhi,Minor,Overcast,Wet,Bus,4,7,0,Poor Road Condition
TA1145,2024-01-14,10:38,Pune,Maharashtra,Moderate,Overcast,Under Construction,Car,1,2,0,Distracted Driving
TA1146,2023-02-20,23:00,Chandigarh,Chandigarh,Minor,Fog,Potholes,Bus,4,6,0,Poor Road Condition
TA1147,2024-06-08,03:53,Kolkata,West Bengal,Minor,Clear,Poor,Van,4,8,0,Weather
TA1148,2023-02-16,07:31,Lucknow,Uttar Pradesh,Minor,Overcast,Dry,Car,2,4,0,Distracted Driving
TA1149,2023-09-19,09:52,Delhi,Delhi,Minor,Clear,Potholes,Van,4,2,0,Distracted Driving
TA1150,2024-06-29,07:51,Indore,Madhya Pradesh,Moderate,Rain,Dry,Bus,1,6,0,Speeding
TA1151,2023-03-21,10:41,Visakhapatnam,Andhra Pradesh,Moderate,Overcast,Potholes,Van,4,4,0,Speeding
TA1152,2023-01-22,11:05,Indore,Madhya Pradesh,Minor,Overcast,Potholes,SUV,3,1,0,Overtaking
TA1153,2023-09-07,14:52,Mumbai,Maharashtra,Moderate,Overcast,Dry,Bus,3,5,0,Distracted Driving
TA1154,2023-06-22,02:36,Surat,Gujarat,Moderate,Clear,Under Construction,Truck,2,5,0,Poor Road Condition
TA1155,2023-08-30,03:30,Delhi,Delhi,Minor,Cloudy,Wet,Truck,2,1,0,Distracted Driving
TA1156,2024-04-20,19:14,Coimbatore,Tamil Nadu,Moderate,Fog,Under Construction,Van,3,5,0,Distracted Driving
TA1157,2023-03-11,16:00,Visakhapatnam,Andhra Pradesh,Minor,Rain,Poor,Truck,1,5,0,Signal Violation
TA1158,2023-11-14,15:45,Chennai,Tamil Nadu,Moderate,Clear,Poor,SUV,3,1,0,Weather
TA1159,2024-09-21,20:16,Chennai,Tamil Nadu,Moderate,Fog,Under Construction,Truck,1,7,0,Drunk Driving
TA1160,2024-10-29,06:25,Bhubaneswar,Odisha,Minor,Fog,Under Construction,Motorcycle,1,7,0,Speeding
TA1161,2023-03-28,17:13,Surat,Gujarat,Moderate,Clear,Wet,Van,4,7,0,Signal Violation
TA1162,2024-09-16,05:25,Kochi,Kerala,Minor,Rain,Potholes,Bus,3,0,0,Drunk Driving
TA1163,2023-03-09,11:15,Surat,Gujarat,Minor,Fog,Poor,Auto Rickshaw,2,5,0,Speeding
TA1164,2024-11-10,04:49,Bhubaneswar,Odisha,Severe,Rain,Potholes,Motorcycle,1,4,0,Signal Violation
TA1165,2024-10-20,11:12,Indore,Madhya Pradesh,Severe,Overcast,Dry,Van,4,8,0,Poor Road Condition
TA1166,2024-01-07,10:32,Hyderabad,Telangana,Minor,Cloudy,Poor,SUV,4,3,0,Distracted Driving
TA1167,2023-06-08,02:38,Delhi,Delhi,Minor,Clear,Under Construction,SUV,1,5,0,Drunk Driving
TA1168,2023-05-15,20:23,Chandigarh,Chandigarh,Minor,Cloudy,Wet,SUV,2,7,0,Speeding
TA1169,2024-01-09,23:05,Bhopal,Madhya Pradesh,Moderate,Fog,Under Construction,Auto Rickshaw,4,3,0,Signal Violation
TA1170,2023-11-13,16:00,Ahmedabad,Gujarat,Severe,Cloudy,Poor,Van,4,7,0,Drunk Driving
TA1171,2024-01-27,17:09,Lucknow,Uttar Pradesh,Moderate,Cloudy,Wet,SUV,2,4,0,Speeding
TA1172,2024-01-16,18:55,Coimbatore,Tamil Nadu,Severe,Overcast,Dry,Auto Rickshaw,1,2,0,Poor Road Condition
TA1173,2024-06-09,05:01,Visakhapatnam,Andhra Pradesh,Severe,Clear,Wet,SUV,4,5,0,Speeding
TA1174,2023-02-24,13:31,Bhopal,Madhya Pradesh,Moderate,Cloudy,Potholes,Car,3,3,0,Speeding
TA1175,2023-04-12,22:11,Surat,Gujarat,Minor,Cloudy,Wet,Car,3,7,0,Weather
TA1176,2024-12-23,16:00,Delhi,Delhi,Minor,Clear,Dry,Car,3,3,0,Drunk Driving
TA1177,2024-07-15,20:46,Delhi,Delhi,Moderate,Clear,Poor,Motorcycle,3,1,0,Speeding
TA1178,2024-03-05,21:48,Ahmedabad,Gujarat,Moderate,Fog,Dry,Car,4,8,0,Speeding
TA1179,2024-08-11,08:15,Kochi,Kerala,Moderate,Rain,Potholes,Car,3,3,0,Signal Violation
TA1180,2023-07-11,22:40,Bhopal,Madhya Pradesh,Moderate,Overcast,Poor,Car,1,6,0,Drunk Driving
TA1181,2023-02-14,21:41,Coimbatore,Tamil Nadu,Minor,Rain,Poor,Van,1,5,0,Drunk Driving
TA1182,2023-12-20,08:13,Chennai,Tamil Nadu,Moderate,Clear,Under Construction,Van,3,2,0,Speeding
TA1183,2024-07-13,11:33,Nagpur,Maharashtra,Severe,Cloudy,Potholes,Van,4,2,0,Drunk Driving
TA1184,2023-03-06,15:37,Delhi,Delhi,Minor,Cloudy,Dry,SUV,2,0,0,Poor Road Condition
TA1185,2024-06-11,13:35,Lucknow,Uttar Pradesh,Fatal,Overcast,Potholes,Auto Rickshaw,1,3,1,Poor Road Condition
TA1186,2024-11-02,11:19,Bengaluru,Karnataka,Minor,Rain,Potholes,Bus,4,6,0,Poor Road Condition
TA1187,2024-05-23,23:37,Pune,Maharashtra,Moderate,Overcast,Poor,SUV,1,6,0,Speeding
TA1188,2024-09-08,06:09,Bhopal,Madhya Pradesh,Moderate,Rain,Dry,Car,3,4,0,Poor Road Condition
TA1189,2024-09-09,14:32,Visakhapatnam,Andhra Pradesh,Minor,Fog,Poor,Bus,1,5,0,Signal Violation
TA1190,2023-10-09,21:49,Bhopal,Madhya Pradesh,Fatal,Clear,Dry,Van,4,5,2,Drunk Driving
TA1191,2023-02-01,04:52,Pune,Maharashtra,Severe,Fog,Dry,Motorcycle,1,3,0,Drunk Driving
TA1192,2024-01-06,13:04,Nagpur,Maharashtra,Severe,Clear,Under Construction,Motorcycle,4,5,0,Poor Road Condition
TA1193,2023-03-20,19:35,Visakhapatnam,Andhra Pradesh,Minor,Rain,Potholes,Auto Rickshaw,3,3,0,Speeding
TA1194,2023-07-10,17:02,Hyderabad,Telangana,Moderate,Overcast,Dry,Auto Rickshaw,3,7,0,Distracted Driving
TA1195,2023-10-20,23:41,Chandigarh,Chandigarh,Severe,Fog,Wet,Car,2,1,0,Overtaking
TA1196,2024-03-31,02:59,Pune,Maharashtra,Severe,Rain,Poor,Van,1,8,0,Signal Violation
TA1197,2023-11-04,05:22,Lucknow,Uttar Pradesh,Moderate,Cloudy,Poor,Truck,2,1,0,Distracted Driving
TA1198,2023-08-31,16:51,Delhi,Delhi,Minor,Overcast,Under Construction,Auto Rickshaw,4,8,0,Distracted Driving
TA1199,2023-03-30,02:14,Chandigarh,Chandigarh,Minor,Fog,Under Construction,Bus,4,1,0,Distracted Driving
TA1200,2024-10-19,02:31,Surat,Gujarat,Minor,Overcast,Poor,Motorcycle,2,2,0,Overtaking
TA1201,2023-02-26,04:14,Kochi,Kerala,Moderate,Rain,Wet,Motorcycle,3,3,0,Poor Road Condition
TA1202,2023-10-18,02:41,Kochi,Kerala,Minor,Overcast,Poor,Motorcycle,3,8,0,Speeding
TA1203,2024-10-18,05:45,Kochi,Kerala,Moderate,Overcast,Wet,Motorcycle,3,0,0,Drunk Driving
TA1204,2023-03-25,01:33,Hyderabad,Telangana,Severe,Overcast,Poor,Van,2,6,0,Signal Violation
TA1205,2024-05-24,21:24,Hyderabad,Telangana,Moderate,Rain,Potholes,Motorcycle,4,4,0,Overtaking
TA1206,2024-12-06,02:02,Chennai,Tamil Nadu,Minor,Fog,Potholes,Bus,2,5,0,Signal Violation
TA1207,2023-11-17,10:53,Delhi,Delhi,Moderate,Rain,Potholes,Motorcycle,3,8,0,Signal Violation
TA1208,2023-11-23,08:15,Mumbai,Maharashtra,Moderate,Rain,Potholes,Motorcycle,2,1,0,Speeding
TA1209,2024-01-29,21:00,Lucknow,Uttar Pradesh,Minor,Cloudy,Poor,Truck,3,3,0,Drunk Driving
TA1210,2024-05-25,17:34,Pune,Maharashtra,Moderate,Rain,Potholes,Car,1,6,0,Signal Violation
TA1211,2023-09-04,07:20,Visakhapatnam,Andhra Pradesh,Moderate,Clear,Dry,Auto Rickshaw,4,7,0,Poor Road Condition
TA1212,2023-01-09,03:40,Patna,Bihar,Minor,Rain,Poor,SUV,4,5,0,Speeding
TA1213,2023-02-22,19:27,Indore,Madhya Pradesh,Moderate,Rain,Under Construction,Auto Rickshaw,1,6,0,Signal Violation
TA1214,2024-07-17,09:32,Visakhapatnam,Andhra Pradesh,Severe,Overcast,Under Construction,Car,2,1,0,Overtaking
TA1215,2023-12-14,19:02,Nagpur,Maharashtra,Severe,Cloudy,Wet,Truck,4,8,0,Speeding
TA1216,2023-02-09,04:40,Bengaluru,Karnataka,Moderate,Fog,Under Construction,Bus,2,8,0,Distracted Driving
TA1217,2024-09-19,10:52,Surat,Gujarat,Minor,Overcast,Poor,Truck,3,8,0,Drunk Driving
TA1218,2024-06-29,16:43,Kochi,Kerala,Moderate,Rain,Potholes,SUV,1,5,0,Poor Road Condition
TA1219,2024-03-02,19:55,Mumbai,Maharashtra,Minor,Clear,Under Construction,Bus,3,3,0,Weather
TA1220,2024-08-20,16:23,Bengaluru,Karnataka,Minor,Overcast,Potholes,Motorcycle,2,0,0,Signal Violation
TA1221,2023-07-15,00:38,Mumbai,Maharashtra,Minor,Fog,Wet,Bus,2,6,0,Signal Violation
TA1222,2024-04-27,02:07,Chandigarh,Chandigarh,Moderate,Overcast,Wet,Truck,3,7,0,Signal Violation
TA1223,2023-11-18,05:54,Indore,Madhya Pradesh,Moderate,Overcast,Poor,Truck,3,4,0,Signal Violation
TA1224,2023-07-16,08:24,Coimbatore,Tamil Nadu,Minor,Rain,Wet,Auto Rickshaw,3,3,0,Weather
TA1225,2023-11-21,16:22,Coimbatore,Tamil Nadu,Minor,Rain,Poor,Car,4,6,0,Drunk Driving
TA1226,2023-05-30,09:54,Nagpur,Maharashtra,Minor,Clear,Poor,Bus,3,7,0,Distracted Driving
TA1227,2024-07-05,09:15,Kolkata,West Bengal,Severe,Rain,Wet,Car,2,3,0,Speeding
TA1228,2023-08-20,21:46,Kochi,Kerala,Minor,Clear,Potholes,Auto Rickshaw,4,1,0,Weather
TA1229,2023-01-06,18:47,Delhi,Delhi,Fatal,Cloudy,Potholes,Van,4,7,2,Distracted Driving
TA1230,2023-11-25,09:44,Lucknow,Uttar Pradesh,Moderate,Clear,Under Construction,Motorcycle,1,2,0,Overtaking
TA1231,2023-02-07,13:33,Pune,Maharashtra,Moderate,Cloudy,Poor,Car,1,4,0,Signal Violation
TA1232,2023-04-20,11:26,Chandigarh,Chandigarh,Minor,Overcast,Under Construction,Bus,2,8,0,Overtaking
TA1233,2023-07-17,03:50,Jaipur,Rajasthan,Minor,Fog,Poor,Van,2,0,0,Weather
TA1234,2023-10-30,19:22,Surat,Gujarat,Moderate,Cloudy,Wet,Truck,4,6,0,Signal Violation
TA1235,2023-03-30,13:40,Surat,Gujarat,Moderate,Cloudy,Wet,Bus,3,3,0,Speeding
TA1236,2024-01-28,08:02,Jaipur,Rajasthan,Minor,Rain,Poor,Auto Rickshaw,1,4,0,Weather
TA1237,2024-12-10,08:03,Nagpur,Maharashtra,Minor,Clear,Potholes,Auto Rickshaw,2,6,0,Weather
TA1238,2024-12-21,10:36,Kochi,Kerala,Moderate,Rain,Poor,Truck,2,3,0,Distracted Driving
TA1239,2023-06-06,15:31,Coimbatore,Tamil Nadu,Moderate,Overcast,Poor,Bus,4,8,0,Drunk Driving
TA1240,2023-09-11,23:13,Kolkata,West Bengal,Moderate,Clear,Under Construction,Bus,3,1,0,Signal Violation
TA1241,2023-03-05,18:41,Mumbai,Maharashtra,Severe,Cloudy,Under Construction,Truck,2,2,0,Poor Road Condition
TA1242,2024-03-28,03:58,Kochi,Kerala,Moderate,Overcast,Potholes,Car,4,0,0,Overtaking
TA1243,2024-06-09,14:10,Delhi,Delhi,Moderate,Clear,Under Construction,Bus,3,0,0,Overtaking
TA1244,2023-01-04,07:26,Jaipur,Rajasthan,Moderate,Clear,Potholes,Auto Rickshaw,1,8,0,Speeding
TA1245,2024-04-28,01:04,Chennai,Tamil Nadu,Minor,Cloudy,Wet,SUV,4,5,0,Overtaking
TA1246,2024-01-22,12:49,Visakhapatnam,Andhra Pradesh,Minor,Overcast,Wet,Van,3,1,0,Distracted Driving
TA1247,2024-02-07,18:03,Patna,Bihar,Minor,Cloudy,Dry,SUV,1,4,0,Overtaking
TA1248,2024-03-10,18:09,Patna,Bihar,Minor,Cloudy,Wet,Bus,3,2,0,Poor Road Condition
TA1249,2023-04-26,01:05,Kolkata,West Bengal,Severe,Fog,Under Construction,SUV,1,3,0,Distracted Driving
TA1250,2023-04-14,20:16,Chennai,Tamil Nadu,Minor,Overcast,Dry,Motorcycle,1,6,0,Overtaking
TA1251,2024-07-06,07:24,Ahmedabad,Gujarat,Moderate,Clear,Wet,Truck,3,3,0,Drunk Driving
TA1252,2023-11-23,19:42,Bhubaneswar,Odisha,Moderate,Rain,Wet,Auto Rickshaw,2,8,0,Distracted Driving
TA1253,2023-11-04,09:23,Bhopal,Madhya Pradesh,Minor,Overcast,Wet,Van,4,8,0,Overtaking
TA1254,2023-12-19,21:57,Bengaluru,Karnataka,Moderate,Overcast,Poor,Van,4,6,0,Distracted Driving
TA1255,2024-01-21,06:16,Lucknow,Uttar Pradesh,Moderate,Fog,Wet,SUV,2,4,0,Drunk Driving
TA1256,2024-04-19,01:58,Delhi,Delhi,Moderate,Fog,Under Construction,Truck,2,6,0,Distracted Driving
TA1257,2023-07-28,11:16,Jaipur,Rajasthan,Moderate,Fog,Poor,Car,2,0,0,Poor Road Condition
TA1258,2024-11-20,20:38,Indore,Madhya Pradesh,Moderate,Clear,Wet,SUV,2,7,0,Distracted Driving
TA1259,2023-11-07,00:31,Surat,Gujarat,Minor,Cloudy,Dry,Van,4,3,0,Weather
TA1260,2024-12-21,06:58,Chandigarh,Chandigarh,Minor,Cloudy,Under Construction,Auto Rickshaw,3,6,0,Overtaking
TA1261,2024-10-26,12:15,Patna,Bihar,Minor,Rain,Under Construction,Bus,4,1,0,Drunk Driving
TA1262,2023-11-24,06:56,Coimbatore,Tamil Nadu,Minor,Fog,Dry,Truck,2,2,0,Speeding
TA1263,2024-07-20,19:56,Jaipur,Rajasthan,Moderate,Fog,Poor,Motorcycle,2,5,0,Distracted Driving
TA1264,2024-08-06,08:23,Indore,Madhya Pradesh,Moderate,Rain,Poor,SUV,4,7,0,Overtaking
TA1265,2023-12-27,05:46,Pune,Maharashtra,Minor,Overcast,Potholes,Motorcycle,1,8,0,Speeding
TA1266,2024-11-15,01:39,Chennai,Tamil Nadu,Moderate,Fog,Wet,SUV,2,1,0,Weather
TA1267,2023-01-10,07:27,Delhi,Delhi,Moderate,Rain,Dry,Truck,4,7,0,Speeding
TA1268,2024-06-28,18:49,Hyderabad,Telangana,Minor,Clear,Under Construction,Van,3,8,0,Poor Road Condition
TA1269,2024-05-29,23:49,Hyderabad,Telangana,Moderate,Cloudy,Dry,Car,2,3,0,Distracted Driving
TA1270,2024-06-23,08:36,Chandigarh,Chandigarh,Severe,Rain,Potholes,Car,3,6,0,Overtaking
TA1271,2023-09-07,23:47,Bhubaneswar,Odisha,Minor,Clear,Dry,Car,4,6,0,Overtaking
TA1272,2024-05-02,01:54,Patna,Bihar,Moderate,Cloudy,Dry,Bus,4,5,0,Signal Violation
TA1273,2024-06-24,01:27,Mumbai,Maharashtra,Minor,Overcast,Potholes,Auto Rickshaw,1,1,0,Weather
TA1274,2024-07-10,19:14,Jaipur,Rajasthan,Moderate,Cloudy,Poor,Car,2,2,0,Drunk Driving
TA1275,2023-03-20,10:12,Indore,Madhya Pradesh,Minor,Cloudy,Under Construction,SUV,4,8,0,Poor Road Condition
TA1276,2023-05-24,23:31,Indore,Madhya Pradesh,Moderate,Overcast,Poor,Car,1,6,0,Distracted Driving
TA1277,2023-12-15,20:39,Chennai,Tamil Nadu,Moderate,Overcast,Potholes,SUV,3,0,0,Weather
TA1278,2024-04-06,16:44,Jaipur,Rajasthan,Minor,Overcast,Potholes,Bus,2,6,0,Speeding
TA1279,2023-10-30,08:24,Chandigarh,Chandigarh,Moderate,Clear,Poor,Motorcycle,4,2,0,Weather
TA1280,2023-11-21,12:18,Indore,Madhya Pradesh,Minor,Clear,Poor,Bus,3,4,0,Speeding
TA1281,2023-03-31,06:23,Delhi,Delhi,Minor,Overcast,Under Construction,Truck,4,1,0,Speeding
TA1282,2023-12-29,18:55,Chennai,Tamil Nadu,Minor,Overcast,Poor,SUV,4,0,0,Poor Road Condition
TA1283,2024-02-02,02:53,Bhopal,Madhya Pradesh,Moderate,Overcast,Wet,Truck,2,6,0,Distracted Driving
TA1284,2023-10-03,10:16,Delhi,Delhi,Minor,Cloudy,Dry,Motorcycle,4,4,0,Overtaking
TA1285,2024-05-10,02:37,Lucknow,Uttar Pradesh,Minor,Cloudy,Potholes,Truck,2,7,0,Speeding
TA1286,2023-11-08,00:13,Delhi,Delhi,Severe,Rain,Under Construction,Bus,3,7,0,Poor Road Condition
TA1287,2024-10-28,20:17,Bhopal,Madhya Pradesh,Minor,Rain,Under Construction,Van,2,7,0,Poor Road Condition
TA1288,2024-02-12,10:53,Pune,Maharashtra,Minor,Fog,Under Construction,SUV,2,5,0,Overtaking
TA1289,2024-02-07,12:27,Jaipur,Rajasthan,Minor,Overcast,Wet,Truck,2,8,0,Speeding
TA1290,2024-12-26,07:09,Visakhapatnam,Andhra Pradesh,Minor,Rain,Dry,SUV,4,7,0,Distracted Driving
TA1291,2023-09-05,08:37,Lucknow,Uttar Pradesh,Moderate,Fog,Potholes,Car,4,7,0,Signal Violation
TA1292,2024-07-01,17:17,Indore,Madhya Pradesh,Severe,Fog,Under Construction,Car,3,8,0,Signal Violation
TA1293,2023-04-22,08:28,Chennai,Tamil Nadu,Moderate,Rain,Wet,Van,1,6,0,Drunk Driving
TA1294,2024-03-16,03:36,Surat,Gujarat,Minor,Rain,Wet,Truck,2,7,0,Poor Road Condition
TA1295,2024-04-19,23:11,Indore,Madhya Pradesh,Moderate,Overcast,Wet,Auto Rickshaw,1,7,0,Speeding
TA1296,2024-03-01,02:55,Lucknow,Uttar Pradesh,Minor,Cloudy,Poor,Auto Rickshaw,3,7,0,Drunk Driving
TA1297,2024-06-17,16:29,Kolkata,West Bengal,Minor,Clear,Potholes,Van,4,5,0,Speeding
TA1298,2023-02-15,03:55,Lucknow,Uttar Pradesh,Minor,Rain,Dry,Van,2,3,0,Signal Violation
TA1299,2024-07-19,05:27,Pune,Maharashtra,Minor,Fog,Potholes,Motorcycle,4,2,0,Distracted Driving
TA1300,2024-02-10,00:59,Bhopal,Madhya Pradesh,Moderate,Cloudy,Potholes,Truck,4,6,0,Speeding
TA1301,2023-07-30,09:30,Kolkata,West Bengal,Moderate,Clear,Under Construction,Car,2,5,0,Poor Road Condition
TA1302,2024-04-13,03:53,Kolkata,West Bengal,Minor,Fog,Under Construction,Van,3,6,0,Signal Violation
TA1303,2024-08-24,03:53,Indore,Madhya Pradesh,Minor,Fog,Under Construction,Motorcycle,3,1,0,Weather
TA1304,2023-11-17,04:01,Delhi,Delhi,Minor,Clear,Wet,Auto Rickshaw,2,8,0,Overtaking
TA1305,2024-09-02,04:42,Bhopal,Madhya Pradesh,Moderate,Fog,Wet,Bus,2,8,0,Distracted Driving
TA1306,2023-10-23,04:47,Coimbatore,Tamil Nadu,Minor,Fog,Under Construction,Car,3,0,0,Overtaking
TA1307,2023-07-19,13:06,Delhi,Delhi,Fatal,Overcast,Potholes,Bus,4,6,2,Drunk Driving
TA1308,2024-05-15,05:42,Visakhapatnam,Andhra Pradesh,Minor,Clear,Wet,Auto Rickshaw,1,4,0,Distracted Driving
TA1309,2023-10-23,05:44,Patna,Bihar,Moderate,Overcast,Potholes,Truck,1,1,0,Poor Road Condition
TA1310,2024-01-11,18:30,Patna,Bihar,Severe,Clear,Potholes,Truck,2,6,0,Speeding
TA1311,2023-11-01,01:06,Ahmedabad,Gujarat,Minor,Rain,Dry,Bus,1,3,0,Distracted Driving
TA1312,2024-12-06,11:58,Bhubaneswar,Odisha,Severe,Overcast,Potholes,Motorcycle,2,3,0,Drunk Driving
TA1313,2023-03-02,19:27,Kolkata,West Bengal,Minor,Rain,Under Construction,Truck,2,5,0,Weather
TA1314,2023-10-24,19:32,Lucknow,Uttar Pradesh,Minor,Overcast,Dry,Motorcycle,4,0,0,Poor Road Condition
TA1315,2024-12-19,04:31,Delhi,Delhi,Minor,Rain,Wet,SUV,4,7,0,Distracted Driving
TA1316,2024-10-09,09:10,Bhubaneswar,Odisha,Moderate,Fog,Potholes,Car,1,6,0,Signal Violation
TA1317,2024-12-12,12:35,Jaipur,Rajasthan,Moderate,Fog,Poor,Truck,1,1,0,Weather
TA1318,2024-10-12,22:40,Visakhapatnam,Andhra Pradesh,Moderate,Clear,Under Construction,Bus,2,6,0,Drunk Driving
TA1319,2024-05-21,09:09,Kolkata,West Bengal,Minor,Rain,Poor,Truck,2,7,0,Drunk Driving
TA1320,2024-11-29,01:39,Surat,Gujarat,Minor,Fog,Dry,Car,2,7,0,Overtaking
TA1321,2024-03-14,06:54,Hyderabad,Telangana,Fatal,Cloudy,Poor,Motorcycle,3,1,2,Poor Road Condition
TA1322,2023-03-26,12:41,Jaipur,Rajasthan,Moderate,Cloudy,Dry,Bus,3,3,0,Overtaking
TA1323,2024-12-21,03:14,Chennai,Tamil Nadu,Minor,Fog,Dry,Motorcycle,2,8,0,Weather
TA1324,2023-01-10,00:16,Visakhapatnam,Andhra Pradesh,Moderate,Clear,Potholes,Van,2,7,0,Speeding
TA1325,2024-01-28,03:02,Ahmedabad,Gujarat,Moderate,Clear,Dry,Auto Rickshaw,3,4,0,Distracted Driving
TA1326,2023-05-17,21:53,Indore,Madhya Pradesh,Fatal,Cloudy,Dry,Truck,1,2,1,Poor Road Condition
TA1327,2024-10-05,05:10,Kolkata,West Bengal,Severe,Overcast,Potholes,SUV,2,1,0,Speeding
TA1328,2023-05-07,20:07,Delhi,Delhi,Moderate,Rain,Potholes,Auto Rickshaw,2,3,0,Poor Road Condition
TA1329,2023-09-12,18:53,Chennai,Tamil Nadu,Moderate,Overcast,Poor,SUV,1,4,0,Distracted Driving
TA1330,2024-09-13,17:23,Kochi,Kerala,Minor,Fog,Poor,Van,1,3,0,Overtaking
TA1331,2023-04-26,08:13,Indore,Madhya Pradesh,Moderate,Overcast,Dry,Truck,1,5,0,Poor Road Condition
TA1332,2024-02-01,19:24,Delhi,Delhi,Minor,Overcast,Wet,SUV,4,1,0,Speeding
TA1333,2023-03-11,00:28,Bhubaneswar,Odisha,Minor,Clear,Dry,SUV,4,8,0,Poor Road Condition
TA1334,2024-03-01,14:27,Kochi,Kerala,Moderate,Clear,Under Construction,Truck,2,4,0,Speeding
TA1335,2023-03-22,17:27,Lucknow,Uttar Pradesh,Severe,Cloudy,Under Construction,Auto Rickshaw,4,1,0,Poor Road Condition
TA1336,2023-09-02,01:58,Bhopal,Madhya Pradesh,Minor,Fog,Dry,Bus,1,4,0,Weather
TA1337,2023-05-03,00:25,Pune,Maharashtra,Moderate,Clear,Wet,Bus,3,8,0,Signal Violation
TA1338,2023-06-20,12:41,Jaipur,Rajasthan,Minor,Rain,Dry,SUV,1,5,0,Drunk Driving
TA1339,2023-10-06,17:52,Bhopal,Madhya Pradesh,Minor,Overcast,Dry,Bus,4,8,0,Poor Road Condition
TA1340,2024-05-26,19:20,Bengaluru,Karnataka,Minor,Cloudy,Poor,SUV,1,1,0,Distracted Driving
TA1341,2023-01-03,01:30,Kochi,Kerala,Severe,Clear,Wet,Car,4,5,0,Overtaking
TA1342,2023-07-03,01:12,Delhi,Delhi,Moderate,Fog,Wet,Auto Rickshaw,2,6,0,Weather
TA1343,2023-10-05,02:39,Surat,Gujarat,Moderate,Clear,Under Construction,Van,1,2,0,Distracted Driving
TA1344,2023-02-17,13:41,Kochi,Kerala,Minor,Fog,Poor,SUV,3,5,0,Speeding
TA1345,2024-04-12,00:16,Patna,Bihar,Minor,Rain,Under Construction,SUV,3,3,0,Overtaking
TA1346,2024-08-28,16:50,Nagpur,Maharashtra,Fatal,Cloudy,Under Construction,SUV,2,2,0,Overtaking
TA1347,2023-08-27,18:29,Hyderabad,Telangana,Minor,Clear,Poor,Car,4,4,0,Speeding
TA1348,2024-06-26,08:07,Kolkata,West Bengal,Minor,Clear,Wet,Van,3,1,0,Speeding
TA1349,2024-06-16,14:05,Ahmedabad,Gujarat,Moderate,Rain,Potholes,Van,1,1,0,Signal Violation
TA1350,2024-10-14,13:27,Delhi,Delhi,Minor,Overcast,Dry,Bus,2,3,0,Poor Road Condition
TA1351,2023-11-19,13:24,Jaipur,Rajasthan,Moderate,Rain,Poor,Bus,3,3,0,Speeding
TA1352,2023-05-20,19:57,Kolkata,West Bengal,Minor,Clear,Wet,Bus,4,5,0,Overtaking
TA1353,2024-07-02,12:13,Mumbai,Maharashtra,Fatal,Cloudy,Potholes,Auto Rickshaw,4,4,0,Speeding
TA1354,2024-12-03,10:23,Pune,Maharashtra,Severe,Overcast,Dry,Motorcycle,3,2,0,Speeding
TA1355,2023-12-31,13:31,Ahmedabad,Gujarat,Moderate,Rain,Poor,SUV,2,0,0,Overtaking
TA1356,2024-07-23,18:46,Visakhapatnam,Andhra Pradesh,Minor,Fog,Dry,SUV,2,1,0,Speeding
TA1357,2023-08-16,04:27,Bengaluru,Karnataka,Minor,Fog,Poor,Van,1,4,0,Drunk Driving
TA1358,2023-01-23,02:12,Chennai,Tamil Nadu,Minor,Fog,Wet,Car,3,1,0,Speeding
TA1359,2023-02-21,05:44,Visakhapatnam,Andhra Pradesh,Severe,Fog,Potholes,Bus,1,6,0,Weather
TA1360,2023-06-26,12:04,Bhopal,Madhya Pradesh,Minor,Cloudy,Poor,Auto Rickshaw,4,2,0,Speeding
TA1361,2024-09-26,21:03,Chandigarh,Chandigarh,Minor,Rain,Potholes,Bus,4,0,0,Speeding
TA1362,2024-01-28,04:41,Jaipur,Rajasthan,Minor,Overcast,Wet,Van,1,6,0,Drunk Driving
TA1363,2024-05-06,18:35,Nagpur,Maharashtra,Moderate,Rain,Under Construction,Truck,3,6,0,Poor Road Condition
TA1364,2023-01-27,10:53,Pune,Maharashtra,Moderate,Clear,Poor,Car,4,8,0,Poor Road Condition
TA1365,2023-08-27,05:26,Bhubaneswar,Odisha,Minor,Cloudy,Poor,Truck,1,3,0,Signal Violation
TA1366,2023-12-30,05:55,Indore,Madhya Pradesh,Minor,Overcast,Poor,SUV,3,0,0,Weather
TA1367,2024-08-04,19:14,Nagpur,Maharashtra,Minor,Cloudy,Potholes,Truck,3,2,0,Overtaking
TA1368,2023-04-03,01:55,Bengaluru,Karnataka,Minor,Cloudy,Dry,Truck,4,0,0,Poor Road Condition
TA1369,2023-07-26,04:27,Chandigarh,Chandigarh,Minor,Cloudy,Poor,Car,1,2,0,Signal Violation
TA1370,2023-04-24,17:57,Delhi,Delhi,Severe,Clear,Poor,Van,4,1,0,Poor Road Condition
TA1371,2023-11-27,04:39,Lucknow,Uttar Pradesh,Fatal,Fog,Potholes,Van,3,2,2,Signal Violation
TA1372,2024-01-01,07:37,Chandigarh,Chandigarh,Moderate,Cloudy,Potholes,Auto Rickshaw,3,2,0,Distracted Driving
TA1373,2024-12-19,19:33,Hyderabad,Telangana,Minor,Overcast,Dry,Motorcycle,3,3,0,Weather
TA1374,2023-04-17,16:56,Bhubaneswar,Odisha,Minor,Clear,Wet,Auto Rickshaw,3,2,0,Weather
TA1375,2024-12-26,22:52,Chennai,Tamil Nadu,Moderate,Rain,Potholes,Car,3,3,0,Distracted Driving
TA1376,2023-12-25,08:45,Chennai,Tamil Nadu,Moderate,Clear,Dry,Bus,4,6,0,Distracted Driving
TA1377,2024-05-19,12:55,Bhopal,Madhya Pradesh,Minor,Fog,Dry,SUV,4,3,0,Distracted Driving
TA1378,2023-03-17,01:08,Visakhapatnam,Andhra Pradesh,Minor,Rain,Poor,Car,1,5,0,Distracted Driving
TA1379,2023-06-14,02:33,Indore,Madhya Pradesh,Moderate,Clear,Poor,Truck,4,0,0,Overtaking
TA1380,2024-09-13,14:49,Pune,Maharashtra,Minor,Clear,Poor,Motorcycle,2,6,0,Weather
TA1381,2024-07-07,09:03,Patna,Bihar,Moderate,Rain,Wet,Car,1,6,0,Signal Violation
TA1382,2024-05-17,05:14,Patna,Bihar,Minor,Clear,Potholes,Car,3,7,0,Distracted Driving
TA1383,2023-01-27,07:03,Mumbai,Maharashtra,Minor,Rain,Dry,Bus,1,4,0,Drunk Driving
TA1384,2024-04-27,16:41,Indore,Madhya Pradesh,Severe,Rain,Dry,Van,4,2,0,Poor Road Condition
TA1385,2024-01-14,06:22,Indore,Madhya Pradesh,Minor,Rain,Potholes,Bus,3,3,0,Drunk Driving
TA1386,2024-07-31,02:06,Jaipur,Rajasthan,Minor,Clear,Dry,Van,3,8,0,Overtaking
TA1387,2023-08-21,18:53,Bhubaneswar,Odisha,Minor,Fog,Under Construction,Bus,4,3,0,Overtaking
TA1388,2023-03-22,13:28,Lucknow,Uttar Pradesh,Severe,Clear,Under Construction,Truck,2,1,0,Drunk Driving
TA1389,2023-06-27,05:42,Visakhapatnam,Andhra Pradesh,Fatal,Cloudy,Wet,Car,4,1,2,Overtaking
TA1390,2024-10-04,05:02,Kolkata,West Bengal,Severe,Rain,Poor,Van,1,1,0,Overtaking
TA1391,2024-02-11,18:50,Patna,Bihar,Minor,Rain,Under Construction,Bus,1,8,0,Drunk Driving
TA1392,2023-04-26,14:08,Bhopal,Madhya Pradesh,Minor,Overcast,Under Construction,Truck,1,1,0,Signal Violation
TA1393,2023-10-20,18:16,Mumbai,Maharashtra,Severe,Fog,Poor,Bus,4,7,0,Speeding
TA1394,2023-10-10,13:45,Pune,Maharashtra,Minor,Overcast,Potholes,Car,4,5,0,Weather
TA1395,2023-02-20,16:13,Ahmedabad,Gujarat,Severe,Rain,Dry,Auto Rickshaw,3,4,0,Poor Road Condition
TA1396,2024-12-13,23:22,Coimbatore,Tamil Nadu,Minor,Cloudy,Wet,Auto Rickshaw,4,5,0,Poor Road Condition
TA1397,2024-09-11,22:02,Bhopal,Madhya Pradesh,Minor,Fog,Wet,SUV,4,7,0,Drunk Driving
TA1398,2024-01-18,01:55,Kochi,Kerala,Moderate,Cloudy,Dry,Auto Rickshaw,4,2,0,Drunk Driving
TA1399,2024-08-05,00:59,Kochi,Kerala,Minor,Cloudy,Dry,Motorcycle,1,7,0,Speeding
TA1400,2024-12-22,06:47,Nagpur,Maharashtra,Minor,Fog,Under Construction,Bus,1,0,0,Distracted Driving
TA1401,2024-05-15,20:16,Nagpur,Maharashtra,Minor,Fog,Under Construction,Truck,3,5,0,Distracted Driving
TA1402,2024-12-06,03:05,Jaipur,Rajasthan,Minor,Fog,Dry,Motorcycle,2,3,0,Weather
TA1403,2024-11-24,07:03,Ahmedabad,Gujarat,Minor,Fog,Under Construction,Car,1,7,0,Distracted Driving
TA1404,2024-09-07,00:17,Pune,Maharashtra,Minor,Overcast,Poor,Van,3,6,0,Overtaking
TA1405,2024-04-15,08:36,Nagpur,Maharashtra,Minor,Rain,Under Construction,SUV,4,1,0,Speeding
TA1406,2024-11-09,12:46,Kochi,Kerala,Moderate,Overcast,Under Construction,Auto Rickshaw,3,1,0,Overtaking
TA1407,2023-12-11,09:26,Chennai,Tamil Nadu,Moderate,Rain,Poor,Van,3,3,0,Distracted Driving
TA1408,2023-09-04,01:56,Kochi,Kerala,Severe,Overcast,Potholes,Van,3,2,0,Weather
TA1409,2024-11-02,16:58,Hyderabad,Telangana,Fatal,Rain,Potholes,Bus,4,0,2,Weather
TA1410,2023-07-14,11:42,Bhubaneswar,Odisha,Moderate,Cloudy,Under Construction,Van,4,5,0,Signal Violation
TA1411,2023-06-24,22:26,Lucknow,Uttar Pradesh,Severe,Cloudy,Poor,Car,4,2,0,Weather
TA1412,2024-07-26,06:14,Jaipur,Rajasthan,Severe,Rain,Dry,Motorcycle,3,3,0,Weather
TA1413,2024-03-06,11:18,Lucknow,Uttar Pradesh,Minor,Overcast,Poor,Bus,1,7,0,Speeding
TA1414,2024-08-17,21:11,Bhubaneswar,Odisha,Minor,Cloudy,Under Construction,Car,4,8,0,Poor Road Condition
TA1415,2023-02-25,05:08,Bhopal,Madhya Pradesh,Minor,Cloudy,Poor,Bus,4,2,0,Poor Road Condition
TA1416,2023-03-24,16:38,Pune,Maharashtra,Minor,Cloudy,Poor,Van,1,0,0,Overtaking
TA1417,2023-08-03,05:45,Jaipur,Rajasthan,Moderate,Cloudy,Potholes,SUV,1,2,0,Signal Violation
TA1418,2024-10-10,14:39,Bhopal,Madhya Pradesh,Minor,Fog,Potholes,Car,1,8,0,Distracted Driving
TA1419,2023-01-15,10:59,Nagpur,Maharashtra,Moderate,Overcast,Wet,Car,1,3,0,Distracted Driving
TA1420,2023-11-16,04:24,Nagpur,Maharashtra,Minor,Overcast,Under Construction,Auto Rickshaw,2,1,0,Drunk Driving
TA1421,2023-11-02,09:55,Bengaluru,Karnataka,Moderate,Overcast,Under Construction,Truck,3,6,0,Weather
TA1422,2023-12-17,16:43,Delhi,Delhi,Minor,Cloudy,Wet,SUV,4,0,0,Distracted Driving
TA1423,2023-05-15,07:12,Ahmedabad,Gujarat,Moderate,Overcast,Under Construction,Motorcycle,1,5,0,Weather
TA1424,2024-01-20,21:51,Bengaluru,Karnataka,Minor,Overcast,Under Construction,Car,1,1,0,Weather
TA1425,2023-02-19,23:32,Hyderabad,Telangana,Minor,Fog,Potholes,Car,3,7,0,Weather
TA1426,2023-07-30,23:43,Delhi,Delhi,Moderate,Clear,Poor,Bus,1,8,0,Poor Road Condition
TA1427,2024-09-12,23:55,Chandigarh,Chandigarh,Minor,Clear,Under Construction,Van,1,4,0,Speeding
TA1428,2024-05-24,06:46,Mumbai,Maharashtra,Moderate,Rain,Under Construction,Motorcycle,3,6,0,Poor Road Condition
TA1429,2023-02-10,18:42,Pune,Maharashtra,Moderate,Cloudy,Potholes,Auto Rickshaw,2,0,0,Speeding
TA1430,2023-04-24,19:35,Chennai,Tamil Nadu,Moderate,Cloudy,Dry,SUV,1,1,0,Poor Road Condition
TA1431,2024-04-12,10:06,Ahmedabad,Gujarat,Minor,Clear,Dry,SUV,2,0,0,Drunk Driving
TA1432,2024-01-04,23:06,Lucknow,Uttar Pradesh,Minor,Clear,Dry,SUV,1,0,0,Drunk Driving
TA1433,2024-11-10,22:05,Delhi,Delhi,Minor,Rain,Potholes,Truck,3,1,0,Poor Road Condition
TA1434,2023-07-07,03:53,Surat,Gujarat,Minor,Fog,Poor,SUV,4,7,0,Drunk Driving
TA1435,2024-10-26,05:41,Bhopal,Madhya Pradesh,Minor,Clear,Wet,Car,4,7,0,Drunk Driving
TA1436,2024-11-25,14:57,Bhubaneswar,Odisha,Minor,Fog,Poor,Truck,1,2,0,Overtaking
TA1437,2023-04-26,14:02,Coimbatore,Tamil Nadu,Minor,Clear,Poor,Van,3,0,0,Weather
TA1438,2024-08-13,19:17,Kochi,Kerala,Minor,Rain,Under Construction,Truck,1,6,0,Weather
TA1439,2024-05-08,11:48,Ahmedabad,Gujarat,Moderate,Fog,Wet,SUV,1,0,0,Weather
TA1440,2024-06-01,16:01,Pune,Maharashtra,Severe,Cloudy,Dry,SUV,4,5,0,Distracted Driving
TA1441,2023-10-12,01:43,Surat,Gujarat,Moderate,Overcast,Potholes,Bus,2,1,0,Overtaking
TA1442,2024-08-09,15:17,Visakhapatnam,Andhra Pradesh,Minor,Fog,Potholes,Auto Rickshaw,1,7,0,Weather
TA1443,2023-04-16,13:46,Hyderabad,Telangana,Minor,Overcast,Under Construction,Car,1,4,0,Signal Violation
TA1444,2023-07-31,22:20,Patna,Bihar,Moderate,Rain,Poor,SUV,1,3,0,Drunk Driving
TA1445,2023-12-06,19:07,Visakhapatnam,Andhra Pradesh,Moderate,Overcast,Potholes,Van,3,7,0,Speeding
TA1446,2024-11-05,07:34,Mumbai,Maharashtra,Minor,Rain,Poor,Truck,3,1,0,Speeding
TA1447,2024-05-19,04:47,Pune,Maharashtra,Severe,Fog,Dry,Auto Rickshaw,2,3,0,Speeding
TA1448,2023-08-09,15:36,Indore,Madhya Pradesh,Severe,Cloudy,Poor,Car,4,0,0,Weather
TA1449,2023-05-07,15:22,Bhubaneswar,Odisha,Moderate,Overcast,Under Construction,Motorcycle,4,0,0,Signal Violation
TA1450,2024-07-20,14:46,Bengaluru,Karnataka,Severe,Fog,Under Construction,SUV,2,2,0,Weather
TA1451,2023-04-17,13:13,Delhi,Delhi,Moderate,Overcast,Poor,Truck,4,6,0,Signal Violation
TA1452,2023-10-08,13:34,Ahmedabad,Gujarat,Fatal,Rain,Potholes,SUV,2,2,1,Signal Violation
TA1453,2023-11-03,23:56,Kochi,Kerala,Moderate,Rain,Under Construction,Van,2,3,0,Distracted Driving
TA1454,2023-10-25,23:26,Chandigarh,Chandigarh,Minor,Cloudy,Wet,Truck,3,1,0,Drunk Driving
TA1455,2024-07-29,16:23,Nagpur,Maharashtra,Moderate,Fog,Under Construction,Auto Rickshaw,4,0,0,Signal Violation
TA1456,2023-01-26,13:00,Mumbai,Maharashtra,Minor,Clear,Wet,Auto Rickshaw,2,4,0,Weather
TA1457,2023-05-30,02:07,Jaipur,Rajasthan,Moderate,Rain,Wet,SUV,1,5,0,Drunk Driving
TA1458,2023-04-15,21:01,Visakhapatnam,Andhra Pradesh,Severe,Overcast,Wet,Van,4,3,0,Signal Violation
TA1459,2024-12-10,22:40,Lucknow,Uttar Pradesh,Minor,Fog,Potholes,Bus,3,8,0,Speeding
TA1460,2023-09-15,06:55,Hyderabad,Telangana,Moderate,Fog,Wet,Van,3,8,0,Weather
TA1461,2023-07-21,06:36,Chandigarh,Chandigarh,Minor,Cloudy,Dry,Motorcycle,2,8,0,Speeding
TA1462,2023-02-11,14:37,Indore,Madhya Pradesh,Minor,Rain,Wet,Motorcycle,3,0,0,Poor Road Condition
TA1463,2024-12-27,05:17,Visakhapatnam,Andhra Pradesh,Minor,Rain,Under Construction,Car,3,7,0,Drunk Driving
TA1464,2024-07-17,12:13,Bhubaneswar,Odisha,Minor,Rain,Under Construction,Motorcycle,2,8,0,Speeding
TA1465,2023-06-13,14:11,Kochi,Kerala,Moderate,Fog,Dry,Auto Rickshaw,2,3,0,Weather
TA1466,2023-12-06,12:18,Surat,Gujarat,Minor,Overcast,Under Construction,Bus,1,1,0,Weather
TA1467,2024-04-01,08:12,Nagpur,Maharashtra,Severe,Overcast,Under Construction,Motorcycle,1,5,0,Overtaking
TA1468,2024-01-31,08:45,Mumbai,Maharashtra,Moderate,Rain,Dry,Truck,3,8,0,Drunk Driving
TA1469,2024-04-01,16:36,Kochi,Kerala,Minor,Cloudy,Poor,Truck,1,1,0,Distracted Driving
TA1470,2024-06-30,00:15,Patna,Bihar,Moderate,Cloudy,Wet,SUV,4,1,0,Distracted Driving
TA1471,2024-12-20,14:51,Patna,Bihar,Moderate,Clear,Wet,Car,4,5,0,Speeding
TA1472,2023-03-17,01:51,Chennai,Tamil Nadu,Minor,Rain,Under Construction,Car,2,4,0,Overtaking
TA1473,2024-04-06,21:30,Indore,Madhya Pradesh,Minor,Rain,Dry,Bus,1,8,0,Speeding
TA1474,2023-03-06,19:59,Chandigarh,Chandigarh,Minor,Clear,Poor,Truck,1,4,0,Drunk Driving
TA1475,2024-09-13,02:57,Lucknow,Uttar Pradesh,Minor,Fog,Potholes,Bus,1,7,0,Distracted Driving
TA1476,2023-08-14,04:39,Patna,Bihar,Moderate,Overcast,Poor,Van,2,4,0,Weather
TA1477,2023-01-12,18:53,Nagpur,Maharashtra,Severe,Cloudy,Dry,Car,1,6,0,Signal Violation
TA1478,2023-03-29,10:24,Patna,Bihar,Minor,Rain,Wet,Bus,2,2,0,Distracted Driving
TA1479,2024-09-23,08:37,Ahmedabad,Gujarat,Minor,Cloudy,Under Construction,SUV,1,8,0,Overtaking
TA1480,2023-03-16,09:55,Patna,Bihar,Moderate,Rain,Dry,Motorcycle,4,5,0,Poor Road Condition
TA1481,2024-11-18,22:22,Delhi,Delhi,Minor,Rain,Under Construction,Car,2,5,0,Overtaking
TA1482,2023-12-03,21:02,Visakhapatnam,Andhra Pradesh,Moderate,Overcast,Wet,Truck,3,5,0,Overtaking
TA1483,2023-01-05,10:41,Pune,Maharashtra,Minor,Cloudy,Potholes,Auto Rickshaw,3,2,0,Weather
TA1484,2024-05-06,15:47,Surat,Gujarat,Minor,Rain,Potholes,Truck,1,2,0,Weather
TA1485,2023-03-25,09:34,Chandigarh,Chandigarh,Severe,Cloudy,Under Construction,Motorcycle,3,1,0,Weather
TA1486,2023-01-20,17:18,Chennai,Tamil Nadu,Moderate,Overcast,Under Construction,Bus,2,0,0,Signal Violation
TA1487,2024-07-10,18:25,Jaipur,Rajasthan,Moderate,Cloudy,Poor,Bus,2,4,0,Distracted Driving
TA1488,2024-05-28,17:25,Visakhapatnam,Andhra Pradesh,Minor,Rain,Under Construction,Car,2,2,0,Drunk Driving
TA1489,2023-05-24,15:13,Kochi,Kerala,Minor,Overcast,Under Construction,Van,2,7,0,Poor Road Condition
TA1490,2023-08-13,16:38,Bengaluru,Karnataka,Minor,Rain,Poor,Motorcycle,1,3,0,Signal Violation
TA1491,2024-02-02,16:01,Nagpur,Maharashtra,Severe,Clear,Dry,Van,3,1,0,Weather
TA1492,2024-10-10,09:20,Kochi,Kerala,Severe,Rain,Under Construction,Truck,2,6,0,Weather
TA1493,2024-01-10,20:03,Indore,Madhya Pradesh,Moderate,Clear,Under Construction,Auto Rickshaw,4,3,0,Signal Violation
TA1494,2023-12-28,11:46,Indore,Madhya Pradesh,Moderate,Fog,Under Construction,Car,2,7,0,Distracted Driving
TA1495,2023-03-20,17:33,Ahmedabad,Gujarat,Moderate,Cloudy,Wet,Motorcycle,2,5,0,Signal Violation
TA1496,2024-11-07,07:51,Mumbai,Maharashtra,Minor,Rain,Dry,Bus,4,7,0,Distracted Driving
TA1497,2023-06-15,22:05,Bhubaneswar,Odisha,Severe,Clear,Wet,Car,2,2,0,Distracted Driving
TA1498,2023-02-10,19:32,Kochi,Kerala,Minor,Cloudy,Poor,Motorcycle,4,0,0,Weather
TA1499,2023-03-29,07:23,Lucknow,Uttar Pradesh,Minor,Fog,Potholes,Motorcycle,2,6,0,Signal Violation
TA1500,2024-08-19,06:12,Delhi,Delhi,Moderate,Overcast,Poor,Motorcycle,3,7,0,Signal Violation
